cancer,method,n_synth,seed,accuracy,macro_f1,weighted_f1,roc_auc_ovr,class_0_f1,class_1_f1,class_2_f1,class_3_f1,class_4_f1,mmd,correlation_score,training_time_seconds,timestamp
brca,none,0,42,0.8513513513513513,0.7353023909985935,0.8370712484636535,0.9544379788864132,0.9629629629629629,0.8148148148148148,0.8987341772151899,0.6666666666666666,0.3333333333333333,,,0.9837982654571533,2026-05-06T21:12:21
brca,none,0,43,0.8243243243243243,0.7621081153709441,0.8136499984535076,0.9558198607041772,0.9811320754716981,0.8148148148148148,0.8662420382165605,0.5769230769230769,0.5714285714285714,,,1.0687024593353271,2026-05-06T21:12:23
brca,none,0,44,0.8243243243243243,0.7198845598845598,0.8127478127478127,0.9555034206394097,0.9629629629629629,0.8148148148148148,0.8701298701298701,0.6181818181818182,0.3333333333333333,,,0.9110283851623535,2026-05-06T21:12:24
brca,none,0,45,0.831081081081081,0.7719867837579342,0.8249391944766261,0.9635053562755556,0.9811320754716981,0.8,0.864516129032258,0.6428571428571429,0.5714285714285714,,,1.0519397258758545,2026-05-06T21:12:26
brca,none,0,46,0.831081081081081,0.8234316989436203,0.8260604733255505,0.9590961631350986,0.9629629629629629,0.782608695652174,0.864516129032258,0.6181818181818182,0.8888888888888888,,,0.9984602928161621,2026-05-06T21:12:28
coad,none,0,42,0.8529411764705882,0.8426190476190477,0.8516246498599439,0.9863350386495064,0.8,0.88,0.8333333333333334,0.8571428571428571,,,,0.26329612731933594,2026-05-06T21:12:29
coad,none,0,43,0.8529411764705882,0.8426190476190477,0.8516246498599439,0.9822126680166411,0.8,0.88,0.8333333333333334,0.8571428571428571,,,,0.2729651927947998,2026-05-06T21:12:30
coad,none,0,44,0.8823529411764706,0.8888311688311689,0.8820168067226892,0.9757125090052376,0.9090909090909091,0.88,0.9090909090909091,0.8571428571428571,,,,0.2391035556793213,2026-05-06T21:12:31
coad,none,0,45,0.8235294117647058,0.8198717948717948,0.8211915535444948,0.9794129315212523,0.8,0.8461538461538461,0.8333333333333334,0.8,,,,0.2539224624633789,2026-05-06T21:12:32
coad,none,0,46,0.8823529411764706,0.8888311688311689,0.8820168067226892,0.9871122068835713,0.9090909090909091,0.88,0.9090909090909091,0.8571428571428571,,,,0.23537969589233398,2026-05-06T21:12:33
prad,none,0,42,0.86,0.6435817805383023,0.8440165631469979,0.9652440619967795,0.9047619047619048,0.0,0.8695652173913043,0.8,,,,0.3467097282409668,2026-05-06T21:12:35
prad,none,0,43,0.9,0.665909090909091,0.8827272727272728,0.9699869162640902,0.9545454545454546,0.0,0.9090909090909091,0.8,,,,0.35764455795288086,2026-05-06T21:12:36
prad,none,0,44,0.9,0.6830808080808081,0.8835353535353536,0.9693478260869565,0.9545454545454546,0.0,0.8888888888888888,0.8888888888888888,,,,0.4090402126312256,2026-05-06T21:12:37
prad,none,0,45,0.9,0.665909090909091,0.8827272727272728,0.9728623188405798,0.9545454545454546,0.0,0.9090909090909091,0.8,,,,0.3676609992980957,2026-05-06T21:12:38
prad,none,0,46,0.84,0.6006900076667518,0.8323025811397905,0.975528381642512,0.9302325581395349,0.0,0.8571428571428571,0.6153846153846154,,,,0.4581880569458008,2026-05-06T21:12:39
brca,rf_none,0,42,0.777027027027027,0.7233167160976841,0.7641535016432475,0.95439607816562,0.9811320754716981,0.782608695652174,0.8198757763975155,0.46153846153846156,0.5714285714285714,,,1.0930819511413574,2026-05-06T21:18:28
brca,rf_none,0,43,0.7837837837837838,0.7301470760576585,0.772634204725058,0.9549837673126312,0.9811320754716981,0.782608695652174,0.825,0.49056603773584906,0.5714285714285714,,,1.1302883625030518,2026-05-06T21:18:31
brca,rf_none,0,44,0.7837837837837838,0.7301470760576585,0.772634204725058,0.9589709984146279,0.9811320754716981,0.782608695652174,0.825,0.49056603773584906,0.5714285714285714,,,1.1313221454620361,2026-05-06T21:18:33
brca,rf_none,0,45,0.777027027027027,0.7268521773854013,0.7670478400585046,0.9555857875410378,0.9811320754716981,0.782608695652174,0.8176100628930818,0.48148148148148145,0.5714285714285714,,,1.1524415016174316,2026-05-06T21:18:35
brca,rf_none,0,46,0.7837837837837838,0.7334090123539869,0.7752666837800948,0.952926750959481,0.9811320754716981,0.782608695652174,0.8227848101265823,0.509090909090909,0.5714285714285714,,,1.1141088008880615,2026-05-06T21:18:37
brca,rf_smote,1059,42,0.8175675675675675,0.7645847009374125,0.812924031558499,0.9509462677201912,0.9811320754716981,0.8,0.8496732026143791,0.6206896551724138,0.5714285714285714,,,1.6557681560516357,2026-05-06T21:18:42
brca,rf_smote,1059,43,0.8108108108108109,0.7896885449565608,0.8079172678993436,0.9534672200753629,0.9811320754716981,0.88,0.8344370860927153,0.5862068965517241,0.6666666666666666,,,1.5983083248138428,2026-05-06T21:18:45
brca,rf_smote,1059,44,0.8108108108108109,0.7609670803167177,0.8069564615000799,0.955649163179678,0.9811320754716981,0.8,0.8421052631578947,0.6101694915254238,0.5714285714285714,,,1.6308939456939697,2026-05-06T21:18:48
brca,rf_smote,1059,45,0.8108108108108109,0.7554910826301936,0.807218681499142,0.9563294071206642,0.9811320754716981,0.8461538461538461,0.84,0.6101694915254238,0.5,,,1.6048450469970703,2026-05-06T21:18:51
brca,rf_smote,1059,46,0.8040540540540541,0.7519001373452431,0.801212077693653,0.9554348722524286,0.9811320754716981,0.8461538461538461,0.8322147651006712,0.6,0.5,,,1.6083593368530273,2026-05-06T21:18:53
brca,xgb_none,0,42,0.8108108108108109,0.7021465282085143,0.7931878055449955,0.9647914931445772,0.9811320754716981,0.782608695652174,0.8536585365853658,0.56,0.3333333333333333,,,7.1507556438446045,2026-05-06T21:19:01
brca,xgb_none,0,43,0.8108108108108109,0.7021465282085143,0.7931878055449955,0.9647914931445772,0.9811320754716981,0.782608695652174,0.8536585365853658,0.56,0.3333333333333333,,,5.892938137054443,2026-05-06T21:19:08
brca,xgb_none,0,44,0.8108108108108109,0.7021465282085143,0.7931878055449955,0.9647914931445772,0.9811320754716981,0.782608695652174,0.8536585365853658,0.56,0.3333333333333333,,,5.855925798416138,2026-05-06T21:19:15
brca,xgb_none,0,45,0.8108108108108109,0.7021465282085143,0.7931878055449955,0.9647914931445772,0.9811320754716981,0.782608695652174,0.8536585365853658,0.56,0.3333333333333333,,,5.7118494510650635,2026-05-06T21:19:21
brca,xgb_none,0,46,0.8108108108108109,0.7021465282085143,0.7931878055449955,0.9647914931445772,0.9811320754716981,0.782608695652174,0.8536585365853658,0.56,0.3333333333333333,,,5.626236438751221,2026-05-06T21:19:27
brca,xgb_smote,1059,42,0.8581081081081081,0.8265587709105665,0.8538952137552259,0.9538914732262601,0.9811320754716981,0.9166666666666666,0.8774193548387097,0.6909090909090909,0.6666666666666666,,,7.8717429637908936,2026-05-06T21:19:36
brca,xgb_smote,1059,43,0.7972972972972973,0.7312497577647411,0.7926395120346285,0.9428211364957912,0.9811320754716981,0.8,0.8235294117647058,0.6071428571428571,0.4444444444444444,,,8.03065800666809,2026-05-06T21:19:45
brca,xgb_smote,1059,44,0.8243243243243243,0.7581102713622137,0.8124025563537218,0.9582638956754652,0.9629629629629629,0.8,0.8679245283018868,0.5882352941176471,0.5714285714285714,,,7.541609048843384,2026-05-06T21:19:53
brca,xgb_smote,1059,45,0.8243243243243243,0.8031528220207467,0.8200590629835911,0.9567511534637536,0.9811320754716981,0.9166666666666666,0.8441558441558441,0.6071428571428571,0.6666666666666666,,,7.288929462432861,2026-05-06T21:20:02
brca,xgb_smote,1059,46,0.8175675675675675,0.7968442796805547,0.8119069658935758,0.9568820011257678,0.9811320754716981,0.8333333333333334,0.8387096774193549,0.6037735849056604,0.7272727272727273,,,7.226078510284424,2026-05-06T21:20:10
coad,rf_none,0,42,0.8529411764705882,0.8426190476190477,0.8516246498599439,0.9926815001590115,0.8,0.88,0.8333333333333334,0.8571428571428571,,,,0.8772857189178467,2026-05-06T21:20:11
coad,rf_none,0,43,0.8823529411764706,0.8647727272727274,0.8813725490196079,0.990787560765072,0.8,0.9166666666666666,0.8333333333333334,0.9090909090909091,,,,0.8920130729675293,2026-05-06T21:20:13
coad,rf_none,0,44,0.8823529411764706,0.8647727272727274,0.8813725490196079,0.9900103925310073,0.8,0.9166666666666666,0.8333333333333334,0.9090909090909091,,,,0.9131636619567871,2026-05-06T21:20:15
coad,rf_none,0,45,0.8529411764705882,0.8426190476190477,0.8516246498599439,0.9917345304620417,0.8,0.88,0.8333333333333334,0.8571428571428571,,,,0.8749146461486816,2026-05-06T21:20:17
coad,rf_none,0,46,0.8529411764705882,0.8426190476190477,0.8516246498599439,0.9894692669898817,0.8,0.88,0.8333333333333334,0.8571428571428571,,,,0.8666224479675293,2026-05-06T21:20:19
coad,rf_smote,62,42,0.9117647058823529,0.8864285714285713,0.9106722689075631,0.9907199200724313,0.8,0.96,0.8333333333333334,0.9523809523809523,,,,0.8727891445159912,2026-05-06T21:20:20
coad,rf_smote,62,43,0.8823529411764706,0.8647727272727274,0.8813725490196079,0.9808485773347093,0.8,0.9166666666666666,0.8333333333333334,0.9090909090909091,,,,0.8945412635803223,2026-05-06T21:20:22
coad,rf_smote,62,44,0.8823529411764706,0.8641025641025641,0.8806938159879337,0.9926815001590115,0.8,0.9230769230769231,0.8333333333333334,0.9,,,,0.8707561492919922,2026-05-06T21:20:24
coad,rf_smote,62,45,0.8235294117647058,0.7932600732600733,0.8186683904330962,0.9894692669898817,0.6666666666666666,0.88,0.7692307692307693,0.8571428571428571,,,,0.8827319145202637,2026-05-06T21:20:26
coad,rf_smote,62,46,0.9117647058823529,0.8864285714285713,0.9106722689075631,0.9892582929314564,0.8,0.96,0.8333333333333334,0.9523809523809523,,,,0.8884050846099854,2026-05-06T21:20:28
coad,xgb_none,0,42,0.8529411764705882,0.8290909090909091,0.8528342245989305,0.9641823568735113,0.8,0.88,0.7272727272727273,0.9090909090909091,,,,1.3299148082733154,2026-05-06T21:20:30
coad,xgb_none,0,43,0.8529411764705882,0.8290909090909091,0.8528342245989305,0.9641823568735113,0.8,0.88,0.7272727272727273,0.9090909090909091,,,,1.117124319076538,2026-05-06T21:20:31
coad,xgb_none,0,44,0.8529411764705882,0.8290909090909091,0.8528342245989305,0.9641823568735113,0.8,0.88,0.7272727272727273,0.9090909090909091,,,,1.2417049407958984,2026-05-06T21:20:33
coad,xgb_none,0,45,0.8529411764705882,0.8290909090909091,0.8528342245989305,0.9641823568735113,0.8,0.88,0.7272727272727273,0.9090909090909091,,,,1.15962553024292,2026-05-06T21:20:35
coad,xgb_none,0,46,0.8529411764705882,0.8290909090909091,0.8528342245989305,0.9641823568735113,0.8,0.88,0.7272727272727273,0.9090909090909091,,,,1.1810657978057861,2026-05-06T21:20:37
coad,xgb_smote,62,42,0.8235294117647058,0.7806060606060606,0.8203921568627451,0.9668667695373092,0.6666666666666666,0.88,0.6666666666666666,0.9090909090909091,,,,1.7451591491699219,2026-05-06T21:20:39
coad,xgb_smote,62,43,0.8529411764705882,0.8224358974358974,0.8561840120663651,0.9671117769037559,0.8,0.9230769230769231,0.6666666666666666,0.9,,,,1.6226518154144287,2026-05-06T21:20:42
coad,xgb_smote,62,44,0.7941176470588235,0.7591575091575091,0.7916397328162033,0.9487786950680505,0.6666666666666666,0.8461538461538461,0.6666666666666666,0.8571428571428571,,,,1.6993365287780762,2026-05-06T21:20:44
coad,xgb_smote,62,45,0.8529411764705882,0.8021978021978022,0.8496013790131436,0.9745432884207247,0.6666666666666666,0.9230769230769231,0.6666666666666666,0.9523809523809523,,,,1.6032025814056396,2026-05-06T21:20:47
coad,xgb_smote,62,46,0.8529411764705882,0.8021978021978022,0.8496013790131436,0.9651633598785023,0.6666666666666666,0.9230769230769231,0.6666666666666666,0.9523809523809523,,,,1.7916765213012695,2026-05-06T21:20:49
prad,rf_none,0,42,0.88,0.6435276679841897,0.8619169960474309,0.9525075483091787,0.9545454545454546,0.0,0.8695652173913043,0.75,,,,1.1156587600708008,2026-05-06T21:20:51
prad,rf_none,0,43,0.88,0.6435276679841897,0.8619169960474309,0.9577994162640902,0.9545454545454546,0.0,0.8695652173913043,0.75,,,,0.8935964107513428,2026-05-06T21:20:53
prad,rf_none,0,44,0.9,0.6541666666666667,0.8803333333333333,0.9489278884863124,0.9777777777777777,0.0,0.8888888888888888,0.75,,,,0.9069807529449463,2026-05-06T21:20:55
prad,rf_none,0,45,0.88,0.6435276679841897,0.8619169960474309,0.9207822564412238,0.9545454545454546,0.0,0.8695652173913043,0.75,,,,0.8846790790557861,2026-05-06T21:20:57
prad,rf_none,0,46,0.88,0.6435276679841897,0.8619169960474309,0.9596017008856683,0.9545454545454546,0.0,0.8695652173913043,0.75,,,,0.9151630401611328,2026-05-06T21:20:58
prad,rf_smote,191,42,0.88,0.6545454545454545,0.8645454545454547,0.9519107286634461,0.9545454545454546,0.0,0.8636363636363636,0.8,,,,0.9662389755249023,2026-05-06T21:21:00
prad,rf_smote,191,43,0.9,0.6653746770025839,0.8832661498708009,0.9306682769726248,0.9777777777777777,0.0,0.8837209302325582,0.8,,,,0.9333844184875488,2026-05-06T21:21:02
prad,rf_smote,191,44,0.88,0.6545454545454545,0.8645454545454547,0.9374250201288244,0.9545454545454546,0.0,0.8636363636363636,0.8,,,,0.9066510200500488,2026-05-06T21:21:04
prad,rf_smote,191,45,0.9,0.6653746770025839,0.8832661498708009,0.9379317632850241,0.9777777777777777,0.0,0.8837209302325582,0.8,,,,0.9256126880645752,2026-05-06T21:21:06
prad,rf_smote,191,46,0.88,0.6435276679841897,0.8619169960474309,0.94735557568438,0.9545454545454546,0.0,0.8695652173913043,0.75,,,,0.9111299514770508,2026-05-06T21:21:08
prad,xgb_none,0,42,0.94,0.7272256728778468,0.920952380952381,0.9465036231884059,0.9565217391304348,0.0,0.9523809523809523,1.0,,,,1.8303852081298828,2026-05-06T21:21:10
prad,xgb_none,0,43,0.94,0.7272256728778468,0.920952380952381,0.9465036231884059,0.9565217391304348,0.0,0.9523809523809523,1.0,,,,1.7689247131347656,2026-05-06T21:21:13
prad,xgb_none,0,44,0.94,0.7272256728778468,0.920952380952381,0.9465036231884059,0.9565217391304348,0.0,0.9523809523809523,1.0,,,,1.8159968852996826,2026-05-06T21:21:15
prad,xgb_none,0,45,0.94,0.7272256728778468,0.920952380952381,0.9465036231884059,0.9565217391304348,0.0,0.9523809523809523,1.0,,,,1.8760948181152344,2026-05-06T21:21:18
prad,xgb_none,0,46,0.94,0.7272256728778468,0.920952380952381,0.9465036231884059,0.9565217391304348,0.0,0.9523809523809523,1.0,,,,1.7839279174804688,2026-05-06T21:21:20
prad,xgb_smote,191,42,0.88,0.6200828157349896,0.8780952380952382,0.9416631441223832,0.9565217391304348,0.0,0.9523809523809523,0.5714285714285714,,,,2.8065497875213623,2026-05-06T21:21:24
prad,xgb_smote,191,43,0.9,0.6584486166007906,0.8927272727272728,0.9472871376811594,0.9565217391304348,0.0,0.95,0.7272727272727273,,,,2.765303611755371,2026-05-06T21:21:27
prad,xgb_smote,191,44,0.94,0.8302550960292211,0.9391327913279133,0.973827999194847,0.9565217391304348,0.5,0.975609756097561,0.8888888888888888,,,,2.9585893154144287,2026-05-06T21:21:31
prad,xgb_smote,191,45,0.94,0.8302550960292211,0.9391327913279133,0.960745269726248,0.9565217391304348,0.5,0.975609756097561,0.8888888888888888,,,,2.862504005432129,2026-05-06T21:21:34
prad,xgb_smote,191,46,0.9,0.6766304347826086,0.9,0.9443714774557166,0.9565217391304348,0.0,0.95,0.8,,,,2.9187681674957275,2026-05-06T21:21:38
brca,random,1059,42,0.831081081081081,0.7548961502288215,0.8237961858865533,0.9240676358821848,0.9629629629629629,0.8571428571428571,0.868421052631579,0.6415094339622641,0.4444444444444444,,,2.308953285217285,2026-05-06T21:22:59
brca,random,1059,43,0.8378378378378378,0.7793962029256146,0.8294260647201823,0.9533946590176647,0.9629629629629629,0.8571428571428571,0.8758169934640523,0.6296296296296297,0.5714285714285714,,,1.9742534160614014,2026-05-06T21:23:02
brca,random,1059,44,0.8040540540540541,0.7397758660916555,0.7991726231413286,0.9487758723286259,0.9629629629629629,0.8571428571428571,0.8378378378378378,0.5964912280701754,0.4444444444444444,,,2.2399981021881104,2026-05-06T21:23:05
brca,random,1059,45,0.831081081081081,0.7970074402926788,0.8233522090347839,0.9476542447690026,0.9629629629629629,0.8888888888888888,0.8627450980392157,0.6037735849056604,0.6666666666666666,,,2.3589651584625244,2026-05-06T21:23:08
brca,random,1059,46,0.8175675675675675,0.8014771246496849,0.8125957049407629,0.9620110655340145,0.9811320754716981,0.8571428571428571,0.847682119205298,0.5714285714285714,0.75,,,1.7284314632415771,2026-05-06T21:23:10
brca,smote,1059,42,0.7702702702702703,0.7355337738891148,0.7727029323614713,0.942153878487902,0.9811320754716981,0.8888888888888888,0.7887323943661971,0.5573770491803278,0.46153846153846156,,,1.8488657474517822,2026-05-06T21:23:15
brca,smote,1059,43,0.8040540540540541,0.7993012601602858,0.8042801932697938,0.9370998742972073,0.9811320754716981,0.8571428571428571,0.8275862068965517,0.5806451612903226,0.75,,,1.8377957344055176,2026-05-06T21:23:18
brca,smote,1059,44,0.8040540540540541,0.7615553325565125,0.8043929114319927,0.9484248069297786,0.9811320754716981,0.8888888888888888,0.8275862068965517,0.6101694915254238,0.5,,,1.7322256565093994,2026-05-06T21:23:20
brca,smote,1059,45,0.8378378378378378,0.80786188470399,0.8319211279737596,0.9463123179597824,0.9629629629629629,0.9230769230769231,0.868421052631579,0.6181818181818182,0.6666666666666666,,,1.9495370388031006,2026-05-06T21:23:23
brca,smote,1059,46,0.8243243243243243,0.8007360177948414,0.8182521013403365,0.9598470023701836,0.9629629629629629,0.8461538461538461,0.8627450980392157,0.5818181818181818,0.75,,,1.802598476409912,2026-05-06T21:23:25
brca,adasyn,1070,42,0.831081081081081,0.7942920564452195,0.8239700775771807,0.9402445618312136,0.9811320754716981,0.8571428571428571,0.8627450980392157,0.6037735849056604,0.6666666666666666,,,1.79243803024292,2026-05-06T21:23:28
brca,adasyn,1070,43,0.8175675675675675,0.7799042530768134,0.8122081420532001,0.9453017155591196,0.9811320754716981,0.8888888888888888,0.847682119205298,0.5818181818181818,0.6,,,1.9349143505096436,2026-05-06T21:23:31
brca,adasyn,1070,44,0.8108108108108109,0.7527687470733827,0.8025620894826193,0.9357303784120481,0.9454545454545454,0.8888888888888888,0.847682119205298,0.5818181818181818,0.5,,,1.829810380935669,2026-05-06T21:23:34
brca,adasyn,1070,45,0.8378378378378378,0.8176909445330498,0.8319644405170722,0.9524258634596035,0.9629629629629629,0.8888888888888888,0.868421052631579,0.6181818181818182,0.75,,,1.7483198642730713,2026-05-06T21:23:36
brca,adasyn,1070,46,0.8513513513513513,0.816670859538784,0.8480367159612442,0.9632816264306132,0.9811320754716981,0.8888888888888888,0.88,0.6666666666666666,0.6666666666666666,,,1.9261751174926758,2026-05-06T21:23:39
brca,borderline,1059,42,0.7972972972972973,0.7672927854548823,0.7954535098488994,0.9508213210581336,0.9811320754716981,0.8571428571428571,0.821917808219178,0.576271186440678,0.6,,,1.7088427543640137,2026-05-06T21:23:42
brca,borderline,1059,43,0.831081081081081,0.8004916670837297,0.8287282828597076,0.9577558447592601,0.9811320754716981,0.8461538461538461,0.8533333333333334,0.6551724137931034,0.6666666666666666,,,1.8663458824157715,2026-05-06T21:23:45
brca,borderline,1059,44,0.8243243243243243,0.7930835579514824,0.819883562808091,0.9582121076583225,0.9811320754716981,0.8571428571428571,0.8533333333333334,0.6071428571428571,0.6666666666666666,,,1.7309703826904297,2026-05-06T21:23:47
brca,borderline,1059,45,0.8513513513513513,0.8300766824740187,0.8462752619939079,0.9566471678681973,0.9811320754716981,0.8888888888888888,0.8758169934640523,0.6545454545454545,0.75,,,1.8276917934417725,2026-05-06T21:23:50
brca,borderline,1059,46,0.8175675675675675,0.7834327643006889,0.8134485563730846,0.9553528505455541,0.9811320754716981,0.8888888888888888,0.84,0.6071428571428571,0.6,,,1.7042295932769775,2026-05-06T21:23:53
coad,random,62,42,0.8529411764705882,0.8426190476190477,0.8516246498599439,0.9845191040843215,0.8,0.88,0.8333333333333334,0.8571428571428571,,,,0.4012148380279541,2026-05-06T21:23:54
coad,random,62,43,0.8529411764705882,0.8426190476190477,0.8516246498599439,0.9871122068835713,0.8,0.88,0.8333333333333334,0.8571428571428571,,,,0.30983877182006836,2026-05-06T21:23:55
coad,random,62,44,0.8529411764705882,0.8426190476190477,0.8516246498599439,0.9864130434782608,0.8,0.88,0.8333333333333334,0.8571428571428571,,,,0.3988974094390869,2026-05-06T21:23:56
coad,random,62,45,0.8529411764705882,0.8426190476190477,0.8516246498599439,0.9745133926543221,0.8,0.88,0.8333333333333334,0.8571428571428571,,,,0.279315710067749,2026-05-06T21:23:57
coad,random,62,46,0.8529411764705882,0.8426190476190477,0.8516246498599439,0.986612253937966,0.8,0.88,0.8333333333333334,0.8571428571428571,,,,0.3363957405090332,2026-05-06T21:23:58
coad,smote,62,42,0.8529411764705882,0.866083916083916,0.8515837104072398,0.9761595257566023,0.9090909090909091,0.8461538461538461,0.9090909090909091,0.8,,,,0.2715463638305664,2026-05-06T21:23:59
coad,smote,62,43,0.8529411764705882,0.8426190476190477,0.8516246498599439,0.9854660737812913,0.8,0.88,0.8333333333333334,0.8571428571428571,,,,0.2871429920196533,2026-05-06T21:24:00
coad,smote,62,44,0.8529411764705882,0.8426190476190477,0.8516246498599439,0.9825428194993413,0.8,0.88,0.8333333333333334,0.8571428571428571,,,,0.3230161666870117,2026-05-06T21:24:01
coad,smote,62,45,0.8529411764705882,0.8426190476190477,0.8516246498599439,0.9753662535615308,0.8,0.88,0.8333333333333334,0.8571428571428571,,,,0.28031301498413086,2026-05-06T21:24:02
coad,smote,62,46,0.8529411764705882,0.8426190476190477,0.8516246498599439,0.9818178167409802,0.8,0.88,0.8333333333333334,0.8571428571428571,,,,0.3396272659301758,2026-05-06T21:24:03
coad,borderline,62,42,0.8823529411764706,0.8888311688311689,0.8820168067226892,0.9876121598291763,0.9090909090909091,0.88,0.9090909090909091,0.8571428571428571,,,,0.260784387588501,2026-05-06T21:24:04
coad,borderline,62,43,0.8823529411764706,0.8647727272727274,0.8813725490196079,0.9883893280632412,0.8,0.9166666666666666,0.8333333333333334,0.9090909090909091,,,,0.29001712799072266,2026-05-06T21:24:05
coad,borderline,62,44,0.8823529411764706,0.8888311688311689,0.8820168067226892,0.9837419358502566,0.9090909090909091,0.88,0.9090909090909091,0.8571428571428571,,,,0.2911694049835205,2026-05-06T21:24:06
coad,borderline,62,45,0.8529411764705882,0.8426190476190477,0.8516246498599439,0.9783836166332418,0.8,0.88,0.8333333333333334,0.8571428571428571,,,,0.2716987133026123,2026-05-06T21:24:07
coad,borderline,62,46,0.8529411764705882,0.8426190476190477,0.8516246498599439,0.9905354141111262,0.8,0.88,0.8333333333333334,0.8571428571428571,,,,0.30590248107910156,2026-05-06T21:24:08
prad,random,191,42,0.9,0.6706349206349207,0.8916825396825396,0.9639517914653785,0.9777777777777777,0.0,0.9047619047619048,0.8,,,,0.7237043380737305,2026-05-06T21:24:10
prad,random,191,43,0.86,0.6347402597402598,0.8546753246753247,0.9508061594202899,0.9545454545454546,0.0,0.8571428571428571,0.7272727272727273,,,,0.8613677024841309,2026-05-06T21:24:11
prad,random,191,44,0.82,0.5866217116217116,0.8244388944388943,0.9474240136876007,0.9545454545454546,0.0,0.8205128205128205,0.5714285714285714,,,,0.5230221748352051,2026-05-06T21:24:12
prad,random,191,45,0.84,0.6049825174825175,0.8406293706293707,0.9389246175523349,0.9545454545454546,0.0,0.85,0.6153846153846154,,,,0.5469613075256348,2026-05-06T21:24:14
prad,random,191,46,0.84,0.5819444444444444,0.8397777777777777,0.954903381642512,0.9777777777777777,0.0,0.85,0.5,,,,0.6185581684112549,2026-05-06T21:24:15
prad,smote,191,42,0.86,0.6302854122621564,0.8460887949260044,0.9385698470209339,0.9302325581395349,0.0,0.8636363636363636,0.7272727272727273,,,,0.5448737144470215,2026-05-06T21:24:16
prad,smote,191,43,0.84,0.6049825174825175,0.8406293706293707,0.9055641103059582,0.9545454545454546,0.0,0.85,0.6153846153846154,,,,0.45943427085876465,2026-05-06T21:24:17
prad,smote,191,44,0.84,0.6049825174825175,0.8406293706293707,0.9438129025764895,0.9545454545454546,0.0,0.85,0.6153846153846154,,,,0.5342695713043213,2026-05-06T21:24:19
prad,smote,191,45,0.84,0.612620103473762,0.8374648928307467,0.9526258051529791,0.9545454545454546,0.0,0.8292682926829268,0.6666666666666666,,,,0.5180091857910156,2026-05-06T21:24:20
prad,smote,191,46,0.82,0.5866217116217116,0.8244388944388943,0.9371462359098228,0.9545454545454546,0.0,0.8205128205128205,0.5714285714285714,,,,0.532160758972168,2026-05-06T21:24:21
prad,borderline,91,42,0.84,0.5939935064935065,0.8362337662337661,0.9630142914653783,0.9545454545454546,0.0,0.85,0.5714285714285714,,,,0.420623779296875,2026-05-06T21:24:22
prad,borderline,91,43,0.84,0.5939935064935065,0.8362337662337661,0.9426539855072464,0.9545454545454546,0.0,0.85,0.5714285714285714,,,,0.37673449516296387,2026-05-06T21:24:24
prad,borderline,91,44,0.84,0.5939935064935065,0.8362337662337661,0.9219313607085347,0.9545454545454546,0.0,0.85,0.5714285714285714,,,,0.42716264724731445,2026-05-06T21:24:25
prad,borderline,91,45,0.86,0.6232517482517482,0.8544755244755247,0.9220018115942029,0.9545454545454546,0.0,0.8717948717948718,0.6666666666666666,,,,0.38082408905029297,2026-05-06T21:24:26
prad,borderline,91,46,0.82,0.5827323555627583,0.816757150960214,0.9470571658615137,0.9302325581395349,0.0,0.8292682926829268,0.5714285714285714,,,,0.40596532821655273,2026-05-06T21:24:27
brca,mixup,686,42,0.8243243243243243,0.7328004003931572,0.8168334129458606,0.9528383490148983,0.9811320754716981,0.8571428571428571,0.8590604026845637,0.6333333333333333,0.3333333333333333,,,1.4634649753570557,2026-05-06T21:24:48
brca,mixup,686,43,0.8378378378378378,0.7295994201876554,0.8223235296764709,0.9617113481021681,0.9454545454545454,0.8571428571428571,0.8846153846153846,0.6274509803921569,0.3333333333333333,,,1.7211358547210693,2026-05-06T21:24:50
brca,mixup,686,44,0.8445945945945946,0.7992264150943396,0.8355930222675506,0.9616626165429469,0.9811320754716981,0.8333333333333334,0.875,0.64,0.6666666666666666,,,1.5485992431640625,2026-05-06T21:24:53
brca,mixup,686,45,0.8513513513513513,0.7789021520557908,0.8393586501403212,0.9450113375657206,0.9811320754716981,0.8,0.8888888888888888,0.6530612244897959,0.5714285714285714,,,1.7099494934082031,2026-05-06T21:24:55
brca,mixup,686,46,0.8378378378378378,0.8162295397187839,0.8304107728086216,0.9595539356032285,0.9811320754716981,0.88,0.8662420382165605,0.6037735849056604,0.75,,,1.6132171154022217,2026-05-06T21:24:58
coad,mixup,154,42,0.8529411764705882,0.866083916083916,0.8515837104072398,0.9797019104084321,0.9090909090909091,0.8461538461538461,0.9090909090909091,0.8,,,,0.5603165626525879,2026-05-06T21:24:59
coad,mixup,154,43,0.8235294117647058,0.8198717948717948,0.8211915535444948,0.9746463618839931,0.8,0.8461538461538461,0.8333333333333334,0.8,,,,0.40409088134765625,2026-05-06T21:25:00
coad,mixup,154,44,0.8529411764705882,0.8426190476190477,0.8516246498599439,0.9803187286227015,0.8,0.88,0.8333333333333334,0.8571428571428571,,,,0.39940762519836426,2026-05-06T21:25:01
coad,mixup,154,45,0.9117647058823529,0.9109848484848485,0.9117647058823529,0.9861240645910812,0.9090909090909091,0.9166666666666666,0.9090909090909091,0.9090909090909091,,,,0.38464951515197754,2026-05-06T21:25:02
coad,mixup,154,46,0.8529411764705882,0.8431159420289855,0.8519607843137256,0.981517844973617,0.8,0.8695652173913043,0.8333333333333334,0.8695652173913043,,,,0.4281919002532959,2026-05-06T21:25:03
prad,mixup,233,42,0.86,0.6302854122621564,0.8460887949260044,0.9761881038647343,0.9302325581395349,0.0,0.8636363636363636,0.7272727272727273,,,,0.5658302307128906,2026-05-06T21:25:04
prad,mixup,233,43,0.86,0.6119947126044687,0.8518488828244927,0.9493619162640902,0.9545454545454546,0.0,0.8780487804878049,0.6153846153846154,,,,0.6150722503662109,2026-05-06T21:25:05
prad,mixup,233,44,0.9,0.6830808080808081,0.8835353535353536,0.9658343397745571,0.9545454545454546,0.0,0.8888888888888888,0.8888888888888888,,,,0.6165981292724609,2026-05-06T21:25:07
prad,mixup,233,45,0.82,0.5199731055212783,0.7877709223224173,0.9464885265700483,0.9302325581395349,0.0,0.8163265306122449,0.3333333333333333,,,,0.6515014171600342,2026-05-06T21:25:08
prad,mixup,233,46,0.86,0.6501937984496124,0.8461240310077518,0.9768478260869566,0.9302325581395349,0.0,0.8372093023255814,0.8333333333333334,,,,0.6273887157440186,2026-05-06T21:25:09
brca,cvae,686,42,0.831081081081081,0.6547592580057211,0.808370416039813,0.9214336684750905,0.9454545454545454,0.8148148148148148,0.8860759493670886,0.6274509803921569,0.0,0.13422858715057373,0.9590487756812324,1.3950412273406982,2026-05-06T21:33:43
brca,cvae,686,43,0.7972972972972973,0.6436426036426036,0.7842383450491559,0.9388912910923285,0.9454545454545454,0.8,0.8378378378378378,0.6349206349206349,0.0,,,1.4816792011260986,2026-05-06T21:33:45
brca,cvae,686,44,0.8108108108108109,0.6252113104287017,0.7878957705044662,0.9135063961019023,0.9454545454545454,0.6956521739130435,0.8695652173913043,0.6153846153846154,0.0,,,1.3214223384857178,2026-05-06T21:33:47
brca,cvae,686,45,0.7972972972972973,0.629034751630033,0.7814653355715061,0.9249125681734478,0.9629629629629629,0.7407407407407407,0.8552631578947368,0.5862068965517241,0.0,,,1.4453351497650146,2026-05-06T21:33:49
brca,cvae,686,46,0.8243243243243243,0.7313134705467774,0.8158174465477388,0.9558712461031741,0.9629629629629629,0.8571428571428571,0.8590604026845637,0.6440677966101694,0.3333333333333333,,,1.6872358322143555,2026-05-06T21:33:52
coad,cvae,154,42,0.8529411764705882,0.8431159420289855,0.8519607843137256,0.9870710342880509,0.8,0.8695652173913043,0.8333333333333334,0.8695652173913043,,0.20869755744934082,0.8911686675559676,0.40510106086730957,2026-05-06T21:33:54
coad,cvae,154,43,0.8235294117647058,0.784992784992785,0.8156353450471099,0.9746051892884726,0.6666666666666666,0.8888888888888888,0.7272727272727273,0.8571428571428571,,,,0.45490431785583496,2026-05-06T21:33:55
coad,cvae,154,44,0.8529411764705882,0.8575428194993413,0.8545880802914051,0.9726606258559032,0.9090909090909091,0.8695652173913043,0.8333333333333334,0.8181818181818182,,,,0.37480592727661133,2026-05-06T21:33:56
coad,cvae,154,45,0.8529411764705882,0.8674242424242424,0.8529411764705882,0.9775189921273131,0.9090909090909091,0.8333333333333334,0.9090909090909091,0.8181818181818182,,,,0.406139612197876,2026-05-06T21:33:57
coad,cvae,154,46,0.8529411764705882,0.8426190476190477,0.8526050420168069,0.9826757887290122,0.8333333333333334,0.88,0.8,0.8571428571428571,,,,0.3902895450592041,2026-05-06T21:33:58
prad,cvae,233,42,0.88,0.6510563080330523,0.8667348155720249,0.9749652777777778,0.9302325581395349,0.0,0.9047619047619048,0.7692307692307693,,0.18087059259414673,0.9035686413921836,0.6910996437072754,2026-05-06T21:34:02
prad,cvae,233,43,0.84,0.5303030303030304,0.8057575757575758,0.9834450483091788,0.9545454545454546,0.0,0.8333333333333334,0.3333333333333333,,,,0.616999626159668,2026-05-06T21:34:03
prad,cvae,233,44,0.9,0.6830808080808081,0.8835353535353536,0.9847156803542674,0.9545454545454546,0.0,0.8888888888888888,0.8888888888888888,,,,0.5108795166015625,2026-05-06T21:34:04
prad,cvae,233,45,0.84,0.5939935064935065,0.8362337662337661,0.9834027777777778,0.9545454545454546,0.0,0.85,0.5714285714285714,,,,0.5752735137939453,2026-05-06T21:34:06
prad,cvae,233,46,0.88,0.6422077922077922,0.8705194805194805,0.9902083333333334,0.9545454545454546,0.0,0.9,0.7142857142857143,,,,0.6426725387573242,2026-05-06T21:34:07
brca,wgan_gp,686,42,0.8445945945945946,0.7312483671375682,0.8243298784246195,0.9593198005513021,0.9811320754716981,0.8571428571428571,0.8888888888888888,0.5957446808510638,0.3333333333333333,0.011135280132293701,0.9663516038758125,1.4959709644317627,2026-05-06T21:36:27
brca,wgan_gp,686,43,0.8716216216216216,0.8003197817910671,0.8560582458552733,0.9589930117608441,0.9811320754716981,0.8888888888888888,0.9079754601226994,0.6521739130434783,0.5714285714285714,,,1.5372273921966553,2026-05-06T21:36:29
brca,wgan_gp,686,44,0.831081081081081,0.65,0.8039289289289289,0.9453068601983983,0.9629629629629629,0.8148148148148148,0.8888888888888888,0.5833333333333334,0.0,,,1.381251335144043,2026-05-06T21:36:31
brca,wgan_gp,686,45,0.7905405405405406,0.6942844484949748,0.7787539590171169,0.9602720808819193,0.9454545454545454,0.8148148148148148,0.8421052631578947,0.5357142857142857,0.3333333333333333,,,1.572038173675537,2026-05-06T21:36:34
brca,wgan_gp,686,46,0.8175675675675675,0.6935052635119229,0.8011708075748031,0.9525147981276433,0.9454545454545454,0.72,0.8805031446540881,0.5882352941176471,0.3333333333333333,,,1.608971357345581,2026-05-06T21:36:36
coad,wgan_gp,154,42,0.8823529411764706,0.8888311688311689,0.8820168067226892,0.9909824308624909,0.9090909090909091,0.88,0.9090909090909091,0.8571428571428571,,0.3974834084510803,-0.0018114349800229155,0.3910484313964844,2026-05-06T21:36:38
coad,wgan_gp,154,43,0.8529411764705882,0.8426190476190477,0.8516246498599439,0.9903244400527009,0.8,0.88,0.8333333333333334,0.8571428571428571,,,,0.4909493923187256,2026-05-06T21:36:40
coad,wgan_gp,154,44,0.8823529411764706,0.8888311688311689,0.8820168067226892,0.9814766723780968,0.9090909090909091,0.88,0.9090909090909091,0.8571428571428571,,,,0.38704848289489746,2026-05-06T21:36:41
coad,wgan_gp,154,45,0.8823529411764706,0.8647727272727274,0.8813725490196079,0.9846359693529858,0.8,0.9166666666666666,0.8333333333333334,0.9090909090909091,,,,0.48229432106018066,2026-05-06T21:36:42
coad,wgan_gp,154,46,0.8529411764705882,0.8426190476190477,0.8516246498599439,0.9804767664868865,0.8,0.88,0.8333333333333334,0.8571428571428571,,,,0.47194790840148926,2026-05-06T21:36:43
prad,wgan_gp,233,42,0.84,0.632712215320911,0.8266252587991718,0.9147826086956522,0.9047619047619048,0.0,0.8260869565217391,0.8,,0.0511452853679657,0.9149078841518443,0.7739229202270508,2026-05-06T21:36:46
prad,wgan_gp,233,43,0.84,0.6042298618132794,0.8215503875968992,0.9360295893719806,0.9130434782608695,0.0,0.8372093023255814,0.6666666666666666,,,,0.8032186031341553,2026-05-06T21:36:48
prad,wgan_gp,233,44,0.88,0.672171666104932,0.8646219525895966,0.9696613325281803,0.9302325581395349,0.0,0.8695652173913043,0.8888888888888888,,,,0.7349746227264404,2026-05-06T21:36:49
prad,wgan_gp,233,45,0.82,0.6056963869463869,0.803432400932401,0.9585728663446055,0.875,0.0,0.8205128205128205,0.7272727272727273,,,,0.7794568538665771,2026-05-06T21:36:51
prad,wgan_gp,233,46,0.86,0.6606060606060606,0.8448484848484848,0.9237530193236714,0.9090909090909091,0.0,0.8444444444444444,0.8888888888888888,,,,1.0129482746124268,2026-05-06T21:36:52
brca,random_tuned,1059,42,0.831081081081081,0.7548961502288215,0.8237961858865533,0.9240676358821848,0.9629629629629629,0.8571428571428571,0.868421052631579,0.6415094339622641,0.4444444444444444,,,2.0130560398101807,2026-05-06T21:54:18
brca,random_tuned,1059,43,0.8378378378378378,0.7793962029256146,0.8294260647201823,0.9533946590176647,0.9629629629629629,0.8571428571428571,0.8758169934640523,0.6296296296296297,0.5714285714285714,,,1.7459986209869385,2026-05-06T21:54:21
brca,random_tuned,1059,44,0.8040540540540541,0.7397758660916555,0.7991726231413286,0.9487758723286259,0.9629629629629629,0.8571428571428571,0.8378378378378378,0.5964912280701754,0.4444444444444444,,,1.956650733947754,2026-05-06T21:54:24
brca,random_tuned,1059,45,0.831081081081081,0.7970074402926788,0.8233522090347839,0.9476542447690026,0.9629629629629629,0.8888888888888888,0.8627450980392157,0.6037735849056604,0.6666666666666666,,,1.6980481147766113,2026-05-06T21:54:26
brca,random_tuned,1059,46,0.8175675675675675,0.8014771246496849,0.8125957049407629,0.9620110655340145,0.9811320754716981,0.8571428571428571,0.847682119205298,0.5714285714285714,0.75,,,1.7141752243041992,2026-05-06T21:54:28
brca,smote_tuned,1059,42,0.777027027027027,0.7372406739052086,0.7769121713197504,0.9346112271187799,0.9811320754716981,0.8571428571428571,0.8055555555555556,0.5423728813559322,0.5,,,1.5637588500976562,2026-05-06T21:56:03
brca,smote_tuned,1059,43,0.8513513513513513,0.8225802499387405,0.8447580912203553,0.9380500988635052,0.9811320754716981,0.8571428571428571,0.8831168831168831,0.6415094339622641,0.75,,,1.7501156330108643,2026-05-06T21:56:06
brca,smote_tuned,1059,44,0.8040540540540541,0.7568107822558879,0.8009915774731527,0.9540667860955432,0.9811320754716981,0.8888888888888888,0.8322147651006712,0.5818181818181818,0.5,,,1.841526746749878,2026-05-06T21:56:08
brca,smote_tuned,1059,45,0.8378378378378378,0.8033138401559455,0.8314696275222591,0.9555709047421438,0.9629629629629629,0.8888888888888888,0.868421052631579,0.6296296296296297,0.6666666666666666,,,1.7020764350891113,2026-05-06T21:56:11
brca,smote_tuned,1059,46,0.831081081081081,0.8129168488435969,0.8249089759217395,0.9549003158492269,0.9811320754716981,0.8888888888888888,0.8627450980392157,0.5818181818181818,0.75,,,1.55202054977417,2026-05-06T21:56:13
brca,adasyn_tuned,1058,42,0.8040540540540541,0.748083181803154,0.798728938049697,0.9332959286459275,0.9285714285714286,0.88,0.8456375838926175,0.5862068965517241,0.5,,,1.5396196842193604,2026-05-06T21:57:43
brca,adasyn_tuned,1058,43,0.8108108108108109,0.7838641781498924,0.8093886665315236,0.940519121809111,0.9629629629629629,0.8461538461538461,0.8435374149659864,0.6,0.6666666666666666,,,1.431016206741333,2026-05-06T21:57:45
brca,adasyn_tuned,1058,44,0.831081081081081,0.8009515280975983,0.8263057844621008,0.9413816137612561,0.9811320754716981,0.8888888888888888,0.8609271523178808,0.6071428571428571,0.6666666666666666,,,2.8041257858276367,2026-05-06T21:57:50
brca,adasyn_tuned,1058,45,0.8108108108108109,0.7662702702702703,0.8068334550766983,0.9454935477401225,0.9285714285714286,0.88,0.8513513513513513,0.6,0.5714285714285714,,,3.4655556678771973,2026-05-06T21:57:55
brca,adasyn_tuned,1058,46,0.8040540540540541,0.7595524849975906,0.7999532014347768,0.9542767378530959,0.9811320754716981,0.8571428571428571,0.8322147651006712,0.5818181818181818,0.5454545454545454,,,3.238180637359619,2026-05-06T21:58:00
brca,borderline_tuned,324,42,0.8243243243243243,0.8142744631423877,0.822820621488393,0.9545722437257996,0.9811320754716981,0.8888888888888888,0.8513513513513513,0.6,0.75,,,1.0251352787017822,2026-05-06T21:59:43
brca,borderline_tuned,324,43,0.8175675675675675,0.7807305236270754,0.8148044596320457,0.945617914645228,0.9629629629629629,0.8,0.8533333333333334,0.6206896551724138,0.6666666666666666,,,0.9923701286315918,2026-05-06T21:59:45
brca,borderline_tuned,324,44,0.8378378378378378,0.7793432982112227,0.8328762008007291,0.947078976348768,0.9811320754716981,0.8461538461538461,0.8701298701298701,0.6538461538461539,0.5454545454545454,,,0.9783782958984375,2026-05-06T21:59:47
brca,borderline_tuned,324,45,0.831081081081081,0.783932129858878,0.8260679145806781,0.9565443796001822,0.9811320754716981,0.8461538461538461,0.8627450980392157,0.6296296296296297,0.6,,,1.0114598274230957,2026-05-06T21:59:48
brca,borderline_tuned,324,46,0.8378378378378378,0.8105708756652152,0.8304804259992938,0.9570015859600144,0.9811320754716981,0.8461538461538461,0.8717948717948718,0.6037735849056604,0.75,,,1.1211283206939697,2026-05-06T21:59:50
coad,random_tuned,28,42,0.8529411764705882,0.8426190476190477,0.8516246498599439,0.9912714097496707,0.8,0.88,0.8333333333333334,0.8571428571428571,,,,0.260296106338501,2026-05-06T21:59:56
coad,random_tuned,28,43,0.8529411764705882,0.8426190476190477,0.8516246498599439,0.9793305863302115,0.8,0.88,0.8333333333333334,0.8571428571428571,,,,0.23405003547668457,2026-05-06T21:59:57
coad,random_tuned,28,44,0.8529411764705882,0.8426190476190477,0.8516246498599439,0.9745133926543224,0.8,0.88,0.8333333333333334,0.8571428571428571,,,,0.3622853755950928,2026-05-06T21:59:58
coad,random_tuned,28,45,0.8235294117647058,0.8212121212121213,0.8225490196078432,0.9763543958540211,0.8,0.8333333333333334,0.8333333333333334,0.8181818181818182,,,,0.24445581436157227,2026-05-06T21:59:59
coad,random_tuned,28,46,0.8529411764705882,0.8426190476190477,0.8516246498599439,0.9907714568040655,0.8,0.88,0.8333333333333334,0.8571428571428571,,,,0.287334680557251,2026-05-06T22:00:00
coad,smote_tuned,62,42,0.8529411764705882,0.8426190476190477,0.8516246498599439,0.9932065217391305,0.8,0.88,0.8333333333333334,0.8571428571428571,,,,0.35683679580688477,2026-05-06T22:00:20
coad,smote_tuned,62,43,0.8823529411764706,0.8647727272727274,0.8813725490196079,0.9854660737812913,0.8,0.9166666666666666,0.8333333333333334,0.9090909090909091,,,,0.2809772491455078,2026-05-06T22:00:21
coad,smote_tuned,62,44,0.8529411764705882,0.8426190476190477,0.8516246498599439,0.9767786561264822,0.8,0.88,0.8333333333333334,0.8571428571428571,,,,0.31308412551879883,2026-05-06T22:00:22
coad,smote_tuned,62,45,0.8529411764705882,0.8426190476190477,0.8516246498599439,0.9678779522576375,0.8,0.88,0.8333333333333334,0.8571428571428571,,,,0.25017571449279785,2026-05-06T22:00:23
coad,smote_tuned,62,46,0.8529411764705882,0.8426190476190477,0.8516246498599439,0.9851770948941114,0.8,0.88,0.8333333333333334,0.8571428571428571,,,,0.2688567638397217,2026-05-06T22:00:24
coad,adasyn_tuned,28,42,0.8529411764705882,0.8426190476190477,0.8516246498599439,0.9909824308624909,0.8,0.88,0.8333333333333334,0.8571428571428571,,,,0.2649524211883545,2026-05-06T22:00:34
coad,adasyn_tuned,28,43,0.8529411764705882,0.8426190476190477,0.8516246498599439,0.9922595520421608,0.8,0.88,0.8333333333333334,0.8571428571428571,,,,0.3078796863555908,2026-05-06T22:00:35
coad,adasyn_tuned,28,44,0.8529411764705882,0.8426190476190477,0.8516246498599439,0.9797019104084321,0.8,0.88,0.8333333333333334,0.8571428571428571,,,,0.316117525100708,2026-05-06T22:00:36
coad,adasyn_tuned,28,45,0.8235294117647058,0.8212121212121213,0.8225490196078432,0.9753662535615308,0.8,0.8333333333333334,0.8333333333333334,0.8181818181818182,,,,0.3025026321411133,2026-05-06T22:00:37
coad,adasyn_tuned,28,46,0.8529411764705882,0.8426190476190477,0.8516246498599439,0.9865710813424456,0.8,0.88,0.8333333333333334,0.8571428571428571,,,,0.3066251277923584,2026-05-06T22:00:38
coad,borderline_tuned,28,42,0.8529411764705882,0.8426190476190477,0.8516246498599439,0.9924705261005861,0.8,0.88,0.8333333333333334,0.8571428571428571,,,,0.22812962532043457,2026-05-06T22:00:59
coad,borderline_tuned,28,43,0.8235294117647058,0.8212121212121213,0.8225490196078432,0.9903244400527009,0.8,0.8333333333333334,0.8333333333333334,0.8181818181818182,,,,0.32671260833740234,2026-05-06T22:01:00
coad,borderline_tuned,28,44,0.8529411764705882,0.8426190476190477,0.8516246498599439,0.9798187756770966,0.8,0.88,0.8333333333333334,0.8571428571428571,,,,0.30131101608276367,2026-05-06T22:01:01
coad,borderline_tuned,28,45,0.8529411764705882,0.8426190476190477,0.8516246498599439,0.9782895078434808,0.8,0.88,0.8333333333333334,0.8571428571428571,,,,0.2622237205505371,2026-05-06T22:01:02
coad,borderline_tuned,28,46,0.8529411764705882,0.8426190476190477,0.8516246498599439,0.9866651901322065,0.8,0.88,0.8333333333333334,0.8571428571428571,,,,0.2799229621887207,2026-05-06T22:01:03
prad,random_tuned,100,42,0.82,0.5884339710204713,0.8336719434847625,0.9337228260869564,0.9302325581395349,0.0,0.8780487804878049,0.5454545454545454,,,,0.3483164310455322,2026-05-06T22:01:12
prad,random_tuned,100,43,0.82,0.5761363636363637,0.8290909090909091,0.9499869162640903,0.9545454545454546,0.0,0.85,0.5,,,,0.39690494537353516,2026-05-06T22:01:13
prad,random_tuned,100,44,0.84,0.5939935064935065,0.8362337662337661,0.9565906803542673,0.9545454545454546,0.0,0.85,0.5714285714285714,,,,0.5878262519836426,2026-05-06T22:01:14
prad,random_tuned,100,45,0.82,0.5821969696969697,0.8238787878787879,0.9491535829307569,0.9333333333333333,0.0,0.85,0.5454545454545454,,,,0.41953206062316895,2026-05-06T22:01:15
prad,random_tuned,100,46,0.78,0.5535714285714286,0.79,0.9366254025764895,0.9047619047619048,0.0,0.8095238095238095,0.5,,,,0.40918469429016113,2026-05-06T22:01:16
prad,smote_tuned,191,42,0.86,0.6302854122621564,0.8460887949260044,0.9385698470209339,0.9302325581395349,0.0,0.8636363636363636,0.7272727272727273,,,,0.4329860210418701,2026-05-06T22:01:46
prad,smote_tuned,191,43,0.84,0.6049825174825175,0.8406293706293707,0.9055641103059582,0.9545454545454546,0.0,0.85,0.6153846153846154,,,,0.4489283561706543,2026-05-06T22:01:47
prad,smote_tuned,191,44,0.84,0.6049825174825175,0.8406293706293707,0.9438129025764895,0.9545454545454546,0.0,0.85,0.6153846153846154,,,,0.45062732696533203,2026-05-06T22:01:48
prad,smote_tuned,191,45,0.84,0.612620103473762,0.8374648928307467,0.9526258051529791,0.9545454545454546,0.0,0.8292682926829268,0.6666666666666666,,,,0.4717223644256592,2026-05-06T22:01:49
prad,smote_tuned,191,46,0.82,0.5866217116217116,0.8244388944388943,0.9371462359098228,0.9545454545454546,0.0,0.8205128205128205,0.5714285714285714,,,,0.4493558406829834,2026-05-06T22:01:50
prad,adasyn_tuned,102,42,0.82,0.592948717948718,0.8423543123543125,0.9498686594202899,0.9545454545454546,0.0,0.8717948717948718,0.5454545454545454,,,,0.3811147212982178,2026-05-06T22:02:02
prad,adasyn_tuned,102,43,0.86,0.6011904761904762,0.8555411255411256,0.9600281803542673,0.9545454545454546,0.0,0.9047619047619048,0.5454545454545454,,,,0.4091367721557617,2026-05-06T22:02:03
prad,adasyn_tuned,102,44,0.88,0.6767676767676768,0.8734343434343436,0.9552506038647344,0.9545454545454546,0.0,0.8636363636363636,0.8888888888888888,,,,0.40339112281799316,2026-05-06T22:02:04
prad,adasyn_tuned,102,45,0.86,0.6347402597402598,0.8546753246753247,0.9514105273752013,0.9545454545454546,0.0,0.8571428571428571,0.7272727272727273,,,,0.4517199993133545,2026-05-06T22:02:05
prad,adasyn_tuned,102,46,0.86,0.6139566395663957,0.8609972899728997,0.964368458132045,0.9777777777777777,0.0,0.8780487804878049,0.6,,,,0.4479084014892578,2026-05-06T22:02:06
prad,borderline_tuned,0,42,0.86,0.6435817805383023,0.8440165631469979,0.9652440619967795,0.9047619047619048,0.0,0.8695652173913043,0.8,,,,0.6179542541503906,2026-05-06T22:02:32
prad,borderline_tuned,0,43,0.9,0.665909090909091,0.8827272727272728,0.9699869162640902,0.9545454545454546,0.0,0.9090909090909091,0.8,,,,0.7048888206481934,2026-05-06T22:02:34
prad,borderline_tuned,0,44,0.9,0.6830808080808081,0.8835353535353536,0.9693478260869565,0.9545454545454546,0.0,0.8888888888888888,0.8888888888888888,,,,0.7883203029632568,2026-05-06T22:02:36
prad,borderline_tuned,0,45,0.9,0.665909090909091,0.8827272727272728,0.9728623188405798,0.9545454545454546,0.0,0.9090909090909091,0.8,,,,0.6246790885925293,2026-05-06T22:02:38
prad,borderline_tuned,0,46,0.84,0.6006900076667518,0.8323025811397905,0.975528381642512,0.9302325581395349,0.0,0.8571428571428571,0.6153846153846154,,,,0.6694998741149902,2026-05-06T22:02:40
brca,smote_sweep,100,42,0.8243243243243243,0.7648968366679869,0.815951635489067,0.9558089803125991,0.9811320754716981,0.8148148148148148,0.864516129032258,0.5925925925925926,0.5714285714285714,,,1.7531208992004395,2026-05-06T22:03:07
brca,smote_sweep,100,43,0.8243243243243243,0.7224931531144727,0.8103980423713628,0.9435107538236543,0.9629629629629629,0.8461538461538461,0.8662420382165605,0.6037735849056604,0.3333333333333333,,,1.896366834640503,2026-05-06T22:03:09
brca,smote_sweep,100,44,0.8445945945945946,0.7819407008086253,0.8341890771136053,0.9487373191609795,0.9811320754716981,0.8571428571428571,0.8846153846153846,0.6153846153846154,0.5714285714285714,,,1.656972885131836,2026-05-06T22:03:11
brca,smote_sweep,100,45,0.8378378378378378,0.7331947546104498,0.8232900017240842,0.9648655171734403,0.9811320754716981,0.8571428571428571,0.8789808917197452,0.6153846153846154,0.3333333333333333,,,1.899660348892212,2026-05-06T22:03:13
brca,smote_sweep,100,46,0.8108108108108109,0.6434756163788421,0.7903789419918452,0.9553365692019009,0.9454545454545454,0.8148148148148148,0.864516129032258,0.5925925925925926,0.0,,,1.6805381774902344,2026-05-06T22:03:15
brca,smote_sweep,500,42,0.8581081081081081,0.832691061558986,0.8528995333240615,0.9614464257054495,0.9811320754716981,0.8888888888888888,0.8888888888888888,0.6545454545454545,0.75,,,2.4263620376586914,2026-05-06T22:03:18
brca,smote_sweep,500,43,0.8378378378378378,0.7781792887574992,0.8281888531432049,0.95559474000503,0.9811320754716981,0.8571428571428571,0.8774193548387097,0.6037735849056604,0.5714285714285714,,,2.36907696723938,2026-05-06T22:03:20
brca,smote_sweep,500,44,0.8581081081081081,0.832691061558986,0.8528995333240615,0.9600058723040809,0.9811320754716981,0.8888888888888888,0.8888888888888888,0.6545454545454545,0.75,,,2.4847524166107178,2026-05-06T22:03:23
brca,smote_sweep,500,45,0.8445945945945946,0.7370270391414268,0.8293313549252801,0.9575175332351499,0.9811320754716981,0.8571428571428571,0.8860759493670886,0.6274509803921569,0.3333333333333333,,,2.2636828422546387,2026-05-06T22:03:25
brca,smote_sweep,500,46,0.8378378378378378,0.783403598497938,0.8279126109314788,0.9552425307108529,0.9811320754716981,0.8888888888888888,0.8717948717948718,0.6037735849056604,0.5714285714285714,,,2.170583486557007,2026-05-06T22:03:28
brca,smote_sweep,1000,42,0.8108108108108109,0.7663224548752844,0.8065084154749185,0.950270064989619,0.9811320754716981,0.8571428571428571,0.8456375838926175,0.576271186440678,0.5714285714285714,,,2.8688950538635254,2026-05-06T22:03:31
brca,smote_sweep,1000,43,0.8243243243243243,0.7204114839408957,0.8121290474231652,0.9556858755238359,0.9285714285714286,0.8461538461538461,0.8758169934640523,0.6181818181818182,0.3333333333333333,,,3.3072478771209717,2026-05-06T22:03:34
brca,smote_sweep,1000,44,0.8243243243243243,0.7680514737848883,0.8140008976892726,0.9625415420790354,0.9811320754716981,0.8571428571428571,0.864516129032258,0.5660377358490566,0.5714285714285714,,,3.0974678993225098,2026-05-06T22:03:37
brca,smote_sweep,1000,45,0.8378378378378378,0.7300808534992775,0.8224244264754809,0.9554842219148398,0.9629629629629629,0.8461538461538461,0.8805031446540881,0.6274509803921569,0.3333333333333333,,,3.082190990447998,2026-05-06T22:03:41
brca,smote_sweep,1000,46,0.8243243243243243,0.7623509823509822,0.8127372627372628,0.9516269046970691,0.9454545454545454,0.8461538461538461,0.8717948717948718,0.5769230769230769,0.5714285714285714,,,3.004528045654297,2026-05-06T22:03:44
brca,smote_sweep,2000,42,0.8445945945945946,0.7846560846560846,0.8335712085712086,0.9508801176144681,0.9629629629629629,0.8888888888888888,0.8846153846153846,0.6153846153846154,0.5714285714285714,,,4.919340372085571,2026-05-06T22:03:49
brca,smote_sweep,2000,43,0.8378378378378378,0.7670564597146875,0.8251868505033062,0.9570723634003093,0.9629629629629629,0.8148148148148148,0.8860759493670886,0.6,0.5714285714285714,,,4.529713869094849,2026-05-06T22:03:54
brca,smote_sweep,2000,44,0.8378378378378378,0.7909528735006441,0.827349887859442,0.9549220307181727,0.9629629629629629,0.8461538461538461,0.8789808917197452,0.6,0.6666666666666666,,,4.943900108337402,2026-05-06T22:03:59
brca,smote_sweep,2000,45,0.8445945945945946,0.7418541207220453,0.8333239512484796,0.9607933204317506,0.9811320754716981,0.8571428571428571,0.8831168831168831,0.6545454545454545,0.3333333333333333,,,4.558764457702637,2026-05-06T22:04:04
brca,smote_sweep,2000,46,0.831081081081081,0.8284587813620071,0.8249862765991798,0.9585485002975973,0.9629629629629629,0.8333333333333334,0.864516129032258,0.5925925925925926,0.8888888888888888,,,4.517202854156494,2026-05-06T22:04:08
brca,smote_sweep,3000,42,0.8445945945945946,0.8432682621361867,0.8412117091362374,0.9602569618206,0.9811320754716981,0.8333333333333334,0.8701298701298701,0.6428571428571429,0.8888888888888888,,,6.3457932472229,2026-05-06T22:04:15
brca,smote_sweep,3000,43,0.8445945945945946,0.786827918853738,0.8382190975909943,0.9548785219812587,0.9811320754716981,0.8571428571428571,0.881578947368421,0.6428571428571429,0.5714285714285714,,,6.277288913726807,2026-05-06T22:04:21
brca,smote_sweep,3000,44,0.8378378378378378,0.7655465587044533,0.831016547463916,0.9534057824492848,0.9454545454545454,0.8461538461538461,0.881578947368421,0.6545454545454545,0.5,,,6.831681251525879,2026-05-06T22:04:29
brca,smote_sweep,3000,45,0.8581081081081081,0.8509272697951943,0.8533785963031246,0.9611170007044182,0.9811320754716981,0.8333333333333334,0.8846153846153846,0.6666666666666666,0.8888888888888888,,,6.173349857330322,2026-05-06T22:04:35
brca,smote_sweep,3000,46,0.8378378378378378,0.805214960653845,0.8274734948237819,0.9545809980661485,0.9629629629629629,0.782608695652174,0.8805031446540881,0.6,0.8,,,6.250901699066162,2026-05-06T22:04:41
brca,cvae_sweep,100,42,0.831081081081081,0.7794119651764413,0.8261687889209034,0.9582367278360664,0.9811320754716981,0.8571428571428571,0.8666666666666667,0.6206896551724138,0.5714285714285714,,,1.8071961402893066,2026-05-06T22:04:43
brca,cvae_sweep,100,43,0.8513513513513513,0.7933819890801024,0.8417547113773528,0.9611765263598725,0.9811320754716981,0.88,0.8805031446540881,0.6538461538461539,0.5714285714285714,,,2.028796911239624,2026-05-06T22:04:45
brca,cvae_sweep,100,44,0.8243243243243243,0.6584851905606622,0.8023429815882647,0.954879129975726,0.9629629629629629,0.8461538461538461,0.8679245283018868,0.6153846153846154,0.0,,,1.5866031646728516,2026-05-06T22:04:47
brca,cvae_sweep,100,45,0.8243243243243243,0.7226506826506827,0.8122130122130122,0.958034724840464,0.9454545454545454,0.8461538461538461,0.8701298701298701,0.6181818181818182,0.3333333333333333,,,1.647136926651001,2026-05-06T22:04:49
brca,cvae_sweep,100,46,0.8243243243243243,0.7674526833794314,0.818003531516295,0.9542569950591122,0.9811320754716981,0.8148148148148148,0.8627450980392157,0.6071428571428571,0.5714285714285714,,,1.8372972011566162,2026-05-06T22:04:51
brca,cvae_sweep,500,42,0.831081081081081,0.6601700186605847,0.8100550010927369,0.9400017658821245,0.9285714285714286,0.8461538461538461,0.8846153846153846,0.6415094339622641,0.0,,,2.2301619052886963,2026-05-06T22:04:53
brca,cvae_sweep,500,43,0.7905405405405406,0.6321962998473065,0.7762731571456403,0.9360792653181559,0.9629629629629629,0.7857142857142857,0.8456375838926175,0.5666666666666667,0.0,,,2.4696779251098633,2026-05-06T22:04:56
brca,cvae_sweep,500,44,0.7972972972972973,0.6345073850832074,0.7817150749915369,0.9379171169909741,0.9454545454545454,0.7692307692307693,0.847682119205298,0.6101694915254238,0.0,,,2.1950323581695557,2026-05-06T22:04:58
brca,cvae_sweep,500,45,0.831081081081081,0.646352237052874,0.8105748147149422,0.9355461517373038,0.9454545454545454,0.7407407407407407,0.89171974522293,0.6538461538461539,0.0,,,2.2834928035736084,2026-05-06T22:05:00
brca,cvae_sweep,500,46,0.7837837837837838,0.6355716383657917,0.7698262226647916,0.9435075950887007,0.9629629629629629,0.8275862068965517,0.8299319727891157,0.5573770491803278,0.0,,,2.2905077934265137,2026-05-06T22:05:03
brca,cvae_sweep,1000,42,0.8108108108108109,0.7012533378571114,0.8008473296209145,0.9264896640881816,0.9433962264150944,0.8,0.8589743589743589,0.6181818181818182,0.2857142857142857,,,3.0723586082458496,2026-05-06T22:05:06
brca,cvae_sweep,1000,43,0.7837837837837838,0.6295583781298068,0.7713021855879,0.9209156869299147,0.9454545454545454,0.7692307692307693,0.8299319727891157,0.6031746031746031,0.0,,,2.879201889038086,2026-05-06T22:05:09
brca,cvae_sweep,1000,44,0.7905405405405406,0.6371002979145979,0.7789607879975309,0.9454071817232066,0.9433962264150944,0.8,0.8421052631578947,0.6,0.0,,,3.1462411880493164,2026-05-06T22:05:12
brca,cvae_sweep,1000,45,0.831081081081081,0.6582204207681914,0.8115228720324262,0.9193309711010306,0.9454545454545454,0.8,0.8789808917197452,0.6666666666666666,0.0,,,2.9263134002685547,2026-05-06T22:05:15
brca,cvae_sweep,1000,46,0.8378378378378378,0.660060560217357,0.8162969207145176,0.9257787930426703,0.9811320754716981,0.8,0.89171974522293,0.6274509803921569,0.0,,,2.8567862510681152,2026-05-06T22:05:18
brca,cvae_sweep,2000,42,0.7972972972972973,0.631248273828919,0.7847535008825332,0.9158344391213262,0.9454545454545454,0.7407407407407407,0.8571428571428571,0.6129032258064516,0.0,,,4.480732202529907,2026-05-06T22:05:22
brca,cvae_sweep,2000,43,0.7972972972972973,0.6208607079195314,0.779146449734685,0.9028574526342844,0.9454545454545454,0.7142857142857143,0.8627450980392157,0.5818181818181818,0.0,,,4.652363538742065,2026-05-06T22:05:27
brca,cvae_sweep,2000,44,0.8175675675675675,0.6336619247979697,0.7993049651534926,0.8992027959229626,0.9285714285714286,0.6956521739130435,0.8774193548387097,0.6666666666666666,0.0,,,4.993159055709839,2026-05-06T22:05:32
brca,cvae_sweep,2000,45,0.8040540540540541,0.6458691500098512,0.7900159740676513,0.9250506592701525,0.9259259259259259,0.8,0.847682119205298,0.6557377049180327,0.0,,,4.353172540664673,2026-05-06T22:05:37
brca,cvae_sweep,2000,46,0.8040540540540541,0.636315868040006,0.7925079580251994,0.9093970900206214,0.9454545454545454,0.7142857142857143,0.8551724137931035,0.6666666666666666,0.0,,,4.515392780303955,2026-05-06T22:05:41
brca,cvae_sweep,3000,42,0.8175675675675675,0.631077694235589,0.8014758179231863,0.9094498167667077,0.9285714285714286,0.6666666666666666,0.881578947368421,0.6785714285714286,0.0,,,6.283919811248779,2026-05-06T22:05:48
brca,cvae_sweep,3000,43,0.7905405405405406,0.5967301309238429,0.7654139681586437,0.8918200401906298,0.896551724137931,0.6363636363636364,0.8625,0.5882352941176471,0.0,,,6.139615535736084,2026-05-06T22:05:54
brca,cvae_sweep,3000,44,0.7972972972972973,0.6162393162393162,0.7786344036344037,0.9034578023453312,0.9629629629629629,0.6666666666666666,0.8589743589743589,0.5925925925925926,0.0,,,6.177075386047363,2026-05-06T22:06:00
brca,cvae_sweep,3000,45,0.7905405405405406,0.6312962582095897,0.7782550608277645,0.9030266731215733,0.8928571428571429,0.782608695652174,0.847682119205298,0.6333333333333333,0.0,,,6.097411870956421,2026-05-06T22:06:06
brca,cvae_sweep,3000,46,0.8108108108108109,0.6509826183331981,0.797905246500251,0.9175340103975307,0.9090909090909091,0.8333333333333334,0.868421052631579,0.6440677966101694,0.0,,,6.254033088684082,2026-05-06T22:06:13
brca,wgan_gp_sweep,100,42,0.8513513513513513,0.7906275694954938,0.8442927122172404,0.951918026038299,0.9811320754716981,0.8571428571428571,0.8888888888888888,0.6545454545454545,0.5714285714285714,,,1.8200058937072754,2026-05-06T22:06:15
brca,wgan_gp_sweep,100,43,0.831081081081081,0.7937733863211569,0.8217452447547988,0.9617521592054541,0.9629629629629629,0.8,0.8789808917197452,0.5769230769230769,0.75,,,1.9746057987213135,2026-05-06T22:06:17
brca,wgan_gp_sweep,100,44,0.8378378378378378,0.7830909273684021,0.8321795502260723,0.9592403645714066,0.9811320754716981,0.8571428571428571,0.8741721854304636,0.631578947368421,0.5714285714285714,,,1.7530384063720703,2026-05-06T22:06:18
brca,wgan_gp_sweep,100,45,0.8175675675675675,0.6554429083461342,0.7968867484996517,0.9446471600310538,0.9629629629629629,0.8571428571428571,0.864516129032258,0.5925925925925926,0.0,,,1.5015089511871338,2026-05-06T22:06:20
brca,wgan_gp_sweep,100,46,0.8243243243243243,0.764954051796157,0.8176879887406203,0.9584846426736519,0.9629629629629629,0.8148148148148148,0.868421052631579,0.6071428571428571,0.5714285714285714,,,2.022603988647461,2026-05-06T22:06:22
brca,wgan_gp_sweep,500,42,0.8175675675675675,0.6548612677644936,0.798106949719853,0.9434932150954843,0.9454545454545454,0.8461538461538461,0.864516129032258,0.6181818181818182,0.0,,,2.647700071334839,2026-05-06T22:06:25
brca,wgan_gp_sweep,500,43,0.831081081081081,0.7328183226169803,0.8232335987369545,0.9434244042797968,0.9454545454545454,0.8461538461538461,0.87248322147651,0.6666666666666666,0.3333333333333333,,,2.6024203300476074,2026-05-06T22:06:28
brca,wgan_gp_sweep,500,44,0.8175675675675675,0.7196004866593102,0.8050665256547609,0.9473795714618817,0.9629629629629629,0.8571428571428571,0.8627450980392157,0.5818181818181818,0.3333333333333333,,,2.4048264026641846,2026-05-06T22:06:30
brca,wgan_gp_sweep,500,45,0.8513513513513513,0.7933429533429532,0.8436748436748436,0.9655165189346453,0.9629629629629629,0.8888888888888888,0.8888888888888888,0.6545454545454545,0.5714285714285714,,,2.6921119689941406,2026-05-06T22:06:33
brca,wgan_gp_sweep,500,46,0.8378378378378378,0.7380564804538168,0.8272554304740765,0.9592013640665596,0.9811320754716981,0.8571428571428571,0.8758169934640523,0.6428571428571429,0.3333333333333333,,,2.4830267429351807,2026-05-06T22:06:35
brca,wgan_gp_sweep,1000,42,0.831081081081081,0.6654309609148319,0.8109330528685367,0.9597734157469843,0.9629629629629629,0.8571428571428571,0.8774193548387097,0.6296296296296297,0.0,,,3.4687321186065674,2026-05-06T22:06:39
brca,wgan_gp_sweep,1000,43,0.831081081081081,0.6595863395863395,0.8123630123630124,0.9587746585900024,0.9454545454545454,0.8148148148148148,0.8831168831168831,0.6545454545454545,0.0,,,3.653914451599121,2026-05-06T22:06:43
brca,wgan_gp_sweep,1000,44,0.8175675675675675,0.6424723541826403,0.7968246538544773,0.9362055488076304,0.9454545454545454,0.7857142857142857,0.8774193548387097,0.6037735849056604,0.0,,,3.369913339614868,2026-05-06T22:06:46
brca,wgan_gp_sweep,1000,45,0.8445945945945946,0.6708568362874667,0.8238840131900482,0.9479981579320359,0.9811320754716981,0.8275862068965517,0.89171974522293,0.6538461538461539,0.0,,,3.078122854232788,2026-05-06T22:06:49
brca,wgan_gp_sweep,1000,46,0.8445945945945946,0.7370542336093158,0.8311411794369798,0.9434290323388996,0.9629629629629629,0.8571428571428571,0.8903225806451613,0.6415094339622641,0.3333333333333333,,,3.3387129306793213,2026-05-06T22:06:53
brca,wgan_gp_sweep,2000,42,0.8581081081081081,0.7426353762188729,0.8441995271361354,0.9475882575064034,0.9811320754716981,0.8275862068965517,0.9044585987261147,0.6666666666666666,0.3333333333333333,,,4.97635293006897,2026-05-06T22:06:58
brca,wgan_gp_sweep,2000,43,0.8175675675675675,0.6322684610986499,0.7954127871109004,0.9275243247280276,0.9454545454545454,0.72,0.8805031446540881,0.6153846153846154,0.0,,,4.777415037155151,2026-05-06T22:07:03
brca,wgan_gp_sweep,2000,44,0.8243243243243243,0.6531462086300797,0.8059052978407818,0.9331434069752078,0.9454545454545454,0.8,0.8774193548387097,0.6428571428571429,0.0,,,4.612183570861816,2026-05-06T22:07:07
brca,wgan_gp_sweep,2000,45,0.831081081081081,0.6572788357694017,0.8104799515176874,0.9446843669458609,0.9454545454545454,0.8148148148148148,0.8846153846153846,0.6415094339622641,0.0,,,5.390048980712891,2026-05-06T22:07:13
brca,wgan_gp_sweep,2000,46,0.8243243243243243,0.7055073132291607,0.8023858575752713,0.9560435835997316,0.9629629629629629,0.8,0.8780487804878049,0.5531914893617021,0.3333333333333333,,,3.3113765716552734,2026-05-06T22:07:16
brca,wgan_gp_sweep,3000,42,0.8445945945945946,0.6635555555555556,0.821046046046046,0.939707448326191,0.9629629629629629,0.8148148148148148,0.9,0.64,0.0,,,3.034752130508423,2026-05-06T22:07:19
brca,wgan_gp_sweep,3000,43,0.8378378378378378,0.6553479925170104,0.8077168544681279,0.927708136725033,0.9811320754716981,0.8275862068965517,0.8902439024390244,0.5777777777777777,0.0,,,2.9978952407836914,2026-05-06T22:07:22
brca,wgan_gp_sweep,3000,44,0.8378378378378378,0.7188863489030672,0.825939085217805,0.9368237516557025,0.9811320754716981,0.8,0.8860759493670886,0.6415094339622641,0.2857142857142857,,,3.344970226287842,2026-05-06T22:07:26
brca,wgan_gp_sweep,3000,45,0.8040540540540541,0.6447544370256235,0.7882748696308018,0.9313616671609628,0.9454545454545454,0.8148148148148148,0.8533333333333334,0.6101694915254238,0.0,,,3.042745590209961,2026-05-06T22:07:29
brca,wgan_gp_sweep,3000,46,0.8243243243243243,0.6476905963212991,0.7957902288284769,0.9553453813871432,0.9811320754716981,0.8275862068965517,0.8765432098765432,0.5531914893617021,0.0,,,3.294696092605591,2026-05-06T22:07:32
brca,mixup_sweep,100,42,0.8445945945945946,0.7844900033579278,0.8363172042417325,0.950227189051224,0.9811320754716981,0.8571428571428571,0.8831168831168831,0.6296296296296297,0.5714285714285714,,,0.8060882091522217,2026-05-06T22:07:33
brca,mixup_sweep,100,43,0.831081081081081,0.7178941141674062,0.8130131018329776,0.9467218706785507,0.9285714285714286,0.8333333333333334,0.8819875776397516,0.6122448979591837,0.3333333333333333,,,0.9311025142669678,2026-05-06T22:07:34
brca,mixup_sweep,100,44,0.8378378378378378,0.7332371332371332,0.825081575081575,0.9537119194126561,0.9629629629629629,0.8571428571428571,0.8831168831168831,0.6296296296296297,0.3333333333333333,,,0.8806443214416504,2026-05-06T22:07:35
brca,mixup_sweep,100,45,0.8445945945945946,0.8118233618233617,0.8361390236390236,0.9654084705245362,0.9629629629629629,0.8461538461538461,0.8846153846153846,0.6153846153846154,0.75,,,1.0779707431793213,2026-05-06T22:07:36
brca,mixup_sweep,100,46,0.8243243243243243,0.7912256156205201,0.8152897446687255,0.9521215019454756,0.9629629629629629,0.8,0.8662420382165605,0.5769230769230769,0.75,,,0.8487675189971924,2026-05-06T22:07:37
brca,mixup_sweep,500,42,0.8175675675675675,0.7497849225936161,0.8078672261261227,0.9585756067554329,0.9629629629629629,0.75,0.8607594936708861,0.6037735849056604,0.5714285714285714,,,1.2046990394592285,2026-05-06T22:07:38
brca,mixup_sweep,500,43,0.831081081081081,0.7697130407718643,0.8249232005114358,0.9551891878672464,0.9629629629629629,0.88,0.8627450980392157,0.6428571428571429,0.5,,,1.4544148445129395,2026-05-06T22:07:40
brca,mixup_sweep,500,44,0.831081081081081,0.7370370370370372,0.8206034982350773,0.9430185124259923,0.9629629629629629,0.8888888888888888,0.868421052631579,0.631578947368421,0.3333333333333333,,,1.3410301208496094,2026-05-06T22:07:41
brca,mixup_sweep,500,45,0.8445945945945946,0.7312483671375682,0.8243298784246195,0.9536170953529373,0.9811320754716981,0.8571428571428571,0.8888888888888888,0.5957446808510638,0.3333333333333333,,,1.125502347946167,2026-05-06T22:07:42
brca,mixup_sweep,500,46,0.8175675675675675,0.7910223587642943,0.8138391848069266,0.9396745954987399,0.9629629629629629,0.8571428571428571,0.8387096774193549,0.6296296296296297,0.6666666666666666,,,1.2092618942260742,2026-05-06T22:07:44
brca,mixup_sweep,1000,42,0.777027027027027,0.6290838206627681,0.7623057267794109,0.9565562409470235,0.9629629629629629,0.8,0.8157894736842105,0.5666666666666667,0.0,,,1.5628366470336914,2026-05-06T22:07:45
brca,mixup_sweep,1000,43,0.8378378378378378,0.65867022425513,0.8144643786153221,0.9507734389541458,0.9454545454545454,0.8148148148148148,0.8930817610062893,0.64,0.0,,,1.4066083431243896,2026-05-06T22:07:47
brca,mixup_sweep,1000,44,0.8513513513513513,0.8259086893418314,0.8441527107185434,0.9595999823047252,0.9811320754716981,0.8695652173913043,0.875,0.6538461538461539,0.75,,,1.5268688201904297,2026-05-06T22:07:48
brca,mixup_sweep,1000,45,0.831081081081081,0.7269264186367047,0.8169532239830475,0.9513128862772919,0.9629629629629629,0.8571428571428571,0.8774193548387097,0.6037735849056604,0.3333333333333333,,,1.531757116317749,2026-05-06T22:07:50
brca,mixup_sweep,1000,46,0.7972972972972973,0.635897435897436,0.7766420266420265,0.9524183959926777,0.9629629629629629,0.8148148148148148,0.8461538461538461,0.5555555555555556,0.0,,,1.5770061016082764,2026-05-06T22:07:51
brca,mixup_sweep,2000,42,0.8243243243243243,0.7126407043509905,0.8111617181915417,0.9479844322354014,0.9629629629629629,0.7857142857142857,0.8774193548387097,0.6037735849056604,0.3333333333333333,,,2.23179030418396,2026-05-06T22:07:54
brca,mixup_sweep,2000,43,0.8378378378378378,0.7781792887574992,0.8281888531432049,0.9558142353944608,0.9811320754716981,0.8571428571428571,0.8774193548387097,0.6037735849056604,0.5714285714285714,,,2.282047986984253,2026-05-06T22:07:56
brca,mixup_sweep,2000,44,0.8175675675675675,0.6677037037037037,0.802052052052052,0.9609771985836362,0.9629629629629629,0.8888888888888888,0.8533333333333334,0.6333333333333333,0.0,,,2.4263358116149902,2026-05-06T22:07:58
brca,mixup_sweep,2000,45,0.8243243243243243,0.7309842498521744,0.8111055540300823,0.9608549236127558,0.9811320754716981,0.8888888888888888,0.8589743589743589,0.5925925925925926,0.3333333333333333,,,2.185225248336792,2026-05-06T22:08:01
brca,mixup_sweep,2000,46,0.8108108108108109,0.7949207315305916,0.8061183575106278,0.956410658126425,0.9811320754716981,0.8333333333333334,0.8387096774193549,0.5714285714285714,0.75,,,2.485971212387085,2026-05-06T22:08:03
brca,mixup_sweep,3000,42,0.831081081081081,0.7982886652922654,0.8245633995945544,0.9564746163036905,0.9629629629629629,0.782608695652174,0.8662420382165605,0.6296296296296297,0.75,,,3.2720494270324707,2026-05-06T22:08:06
brca,mixup_sweep,3000,43,0.8445945945945946,0.7844900033579278,0.8363172042417325,0.9575666955815327,0.9811320754716981,0.8571428571428571,0.8831168831168831,0.6296296296296297,0.5714285714285714,,,3.0475480556488037,2026-05-06T22:08:10
brca,mixup_sweep,3000,44,0.8175675675675675,0.7261964225491341,0.8086224772569448,0.9632613046426984,0.9811320754716981,0.8461538461538461,0.8496732026143791,0.6206896551724138,0.3333333333333333,,,3.0444998741149902,2026-05-06T22:08:13
brca,mixup_sweep,3000,45,0.831081081081081,0.7317325879338459,0.8145332124577408,0.9553201411867838,0.9811320754716981,0.88,0.8641975308641975,0.6,0.3333333333333333,,,3.049776315689087,2026-05-06T22:08:16
brca,mixup_sweep,3000,46,0.8243243243243243,0.7690026954177898,0.8150724848838057,0.9649258266793328,0.9811320754716981,0.8333333333333334,0.8553459119496856,0.6037735849056604,0.5714285714285714,,,3.0663061141967773,2026-05-06T22:08:19
